{
  "cv_auc_mean": 0.7314890710382513,
  "cv_auc_std": 0.03216923461024894,
  "holdout_auc": 0.7875457875457875,
  "top_features_tree": {
    "oldpeak": 0.15673385395413306,
    "thalach": 0.14485672396003513,
    "trestbps": 0.13540937658122598,
    "chol": 0.13493285429089402,
    "age": 0.12200009086939796
  },
  "top_features_permutation": {
    "cp": 0.013223140495867747,
    "sex": 0.0066115702479338625,
    "restecg": 0.004132231404958664,
    "slope": 0.0033057851239669312,
    "fbs": 0.0
  }
}